63.1.01.1,Beatlemania! With The Beatles,TRUE,rainbow no brackets,RCA,Mono,T-6051,
63.1.01.2,Beatlemania! With The Beatles,TRUE,rainbow no brackets,RCA,Mono,T-6051,
63.1.01.3,Beatlemania! With The Beatles,TRUE,rainbow no brackets,RCA,Mono,T-6051,
63.1.02.1,Beatlemania! With The Beatles,TRUE,rainbow with brackets,RCA,Mono,T-6051,
63.1.04.1,Beatlemania! With The Beatles,FALSE,green target,RCA,Mono,T-6051,
63.1.05.1,Beatlemania! With The Beatles,TRUE,red target,RCA,Mono,T-6051,
63.1.06.1,Beatlemania! With The Beatles,FALSE,orange 1st gen,RCA,Mono,T-6051,
63.1.06.2,Beatlemania! With The Beatles,TRUE,orange 1st gen,RCA Dynaflex,Mono,T-6051,
63.1.07.1,Beatlemania! With The Beatles,TRUE,orange 2nd gen,RCA,Mono new master,T-6051,
63.1.07.2,Beatlemania! With The Beatles,FALSE,orange 2nd gen,RCA Dynaflex,Mono new master,T-6051,
63.1.07.3,Beatlemania! With The Beatles,FALSE,orange 2nd gen,RCA Dynaflex,Stereo re-channeled,ST-6051,
63.1.08.1,Beatlemania! With The Beatles,FALSE,orange 3rd gen,Capitol,Stereo re-chaneled,ST-6051,
63.1.09.1,Beatlemania! With The Beatles,FALSE,purple 1st gen,unidentified,Stereo re-channeled & true,ST-6051,
63.1.10.1,Beatlemania! With The Beatles,TRUE,purple 2nd gen,Capitol,Stereo re-channeled,ST-6051,
63.1.11.1,Beatlemania! With The Beatles,TRUE,purple 3rd gen,Capitol,Stereo true,ST-6051,
63.1.12.1,Beatlemania! With The Beatles,FALSE,retro rainbow,Cinram,Stereo true,ST-6051,
63.1.12.2,Beatlemania! With The Beatles,FALSE,retro rainbow,Columbia,Stereo true,ST-6051,
64.1.01.1,Twist And Shout,FALSE,rainbow no brackets,RCA,Mono,T-6054,
64.1.01.2,Twist And Shout,FALSE,rainbow no brackets,RCA,Mono,T-6054,
64.1.01.3,Twist And Shout,TRUE,rainbow no brackets,RCA,Mono,T-6054,
64.1.01.4,Twist And Shout,FALSE,rainbow no brackets,RCA,Mono,T-6054,
64.1.02.1,Twist And Shout,TRUE,rainbow with brackets,RCA,Mono,T-6054,
64.1.02.2,Twist And Shout,TRUE,rainbow with brackets,RCA,Mono,T-6054,
64.1.05.1,Twist And Shout,TRUE,red target,RCA,Mono,T-6054,
64.1.06.1,Twist And Shout,FALSE,orange 1st gen,RCA,Mono,T-6054,
64.1.06.2,Twist And Shout,TRUE,orange 1st gen,RCA Dynaflex,Mono,T-6054,
64.1.07.1,Twist And Shout,TRUE,orange 2nd gen,RCA Dynaflex,Mono,T-6054,
64.1.08.1,Twist And Shout,TRUE,orange 3rd gen,Capitol,Stereo rechanneled,ST-6054,
64.1.09.1,Twist And Shout,TRUE,purple 1st gen,unidentified,Stereo rechanneled & true,ST-6054,
64.1.10.1,Twist And Shout,TRUE,purple 2nd gen,Capitol,Stereo rechanneled,ST-6054,
64.1.11.1,Twist And Shout,TRUE,purple 3rd gen,Capitol,Stereo true,ST-6054,
64.1.12.1,Twist And Shout,TRUE,retro rainbow,Capitol,Stereo,ST-6054,
64.1.12.2,Twist And Shout,TRUE,retro rainbow,Columbia,Stereo true,ST-6054,
64.1.12.3,Twist And Shout,TRUE,retro rainbow,Cinram,Stereo true,ST-6054,
64.2.01.1,Long Tall Sally,TRUE,rainbow no brackets,RCA,Mono,T-6063,
64.2.01.2,Long Tall Sally,FALSE,rainbow no brackets,RCA,Mono,T-6063,
64.2.01.3,Long Tall Sally,FALSE,rainbow no brackets,RCA,Mono,T-6063,
64.2.02.1,Long Tall Sally,FALSE,rainbow with brackets,RCA,Mono,T-6063,
64.2.02.2,Long Tall Sally,TRUE,rainbow with brackets,RCA,Mono,T-6063,
64.2.02.3,Long Tall Sally,TRUE,rainbow with brackets,RCA,Mono,T-6063,
64.2.05.1,Long Tall Sally,TRUE,red target,RCA,Mono,T-6063,
64.2.06.1,Long Tall Sally,TRUE,orange 1st gen,RCA Dynaflex,Mono,T-6063,
64.2.06.2,Long Tall Sally,FALSE,orange 1st gen,RCA Dynaflex,Mono,T-6063,
64.2.07.1,Long Tall Sally,TRUE,orange 2nd gen,RCA Dynaflex,Mono,T-6063,
64.2.08.1,Long Tall Sally,TRUE,orange 3rd gen,Capitol,Stereo,ST-6063,
64.2.09.1,Long Tall Sally,TRUE,purple 1st gen,unidentified,Stereo,ST-6063,
64.2.10.1,Long Tall Sally,TRUE,purple 2nd gen,Capitol,Stereo,ST-6063,
64.2.11.1,Long Tall Sally,FALSE,purple 3rd gen,Capitol,Stereo,ST-6063,
64.2.11.2,Long Tall Sally,TRUE,purple 3rd gen,Capitol,Stereo,ST-6063,
64.2.12.1,Long Tall Sally,TRUE,retro rainbow,Capitol,Stereo,ST-6063,
64.2.12.2,Long Tall Sally,FALSE,retro rainbow,Cinram,Stereo,ST-6063,
64.2.12.3,Long Tall Sally,TRUE,retro rainbow,Columbia,Stereo,ST-6063,
64.3.01.1,A Hard Day's Night,TRUE,United Artists red,Compo,Mono,UAL 3366,
64.3.01.2,A Hard Day's Night,TRUE,United Artists black,Compo,Mono,UAL 3366,
64.3.01.3,A Hard Day's Night,TRUE,United Artists blue,Compo,Mono,UAS 3366,
64.3.01.4,A Hard Day's Night,TRUE,United Artists black,Compo,Stereo,UAS 6366,
64.3.02.1,A Hard Day's Night,TRUE,United Artists tan MCA,Compo (MCA),Stereo,UAS-6366,faded.
64.3.02.2,A Hard Day's Night,FALSE,United Artists tan MCA,Compo (MCA),Stereo,UAS-6366,
64.3.02.3,A Hard Day's Night,FALSE,United Artists tan UA,RCA,Stereo,UAS-6366,
64.3.02.4,A Hard Day's Night,TRUE,United Artists tan UA,RCA Dynaflex,Stereo,UAS-6366,
64.3.02.5,A Hard Day's Night,FALSE,United Artists tan Capitol,Capitol,Stereo,UAS-6366,
64.3.03.1,A Hard Day's Night,TRUE,United Artists sunrise,Capitol,Stereo,UAS-6366,
64.3.03.2,A Hard Day's Night,TRUE,United Artists sunrise,Capitol,Stereo,UAS-6366,
64.3.10.1,A Hard Day's Night,FALSE,purple 2nd gen,Capitol,Stereo,SW-11921,
64.3.11.1,A Hard Day's Night,TRUE,purple 3rd gen,Capitol,Stereo,SW-11921,
64.3.12.1,A Hard Day's Night,TRUE,retro rainbow,Columbia,Stereo,SW-11921,
64.4.01.1,Something New,FALSE,rainbow no brackets,RCA,Mono,T-2108,
64.4.01.2,Something New,FALSE,rainbow no brackets,RCA,Mono,T-2108,
64.4.01.3,Something New,TRUE,rainbow no brackets,RCA,Mono,T-2108,
64.4.02.1,Something New,TRUE,rainbow with brackets,RCA,Mono,T-2108,
64.4.02.2,Something New,FALSE,rainbow with brackets,RCA,Stereo,ST-2108,
64.4.02.3,Something New,TRUE,rainbow with brackets,RCA,Stereo,ST-2108,
64.4.04.1,Something New,TRUE,green target,RCA,Stereo,ST-2108,
64.4.05.1,Something New,TRUE,red target,RCA,Stereo,ST-2108,
64.4.06.1,Something New,TRUE,orange 1st gen,RCA,Stereo,ST-2108,
64.4.06.2,Something New,TRUE,orange 1st gen,Columbia,Stereo,ST-2108,
64.4.07.1,Something New,TRUE,orange 2nd gen,Columbia,Stereo,ST-2108,
64.4.07.2,Something New,TRUE,orange 2nd gen,RCA Dynaflex,Stereo,ST-2108,
64.4.08.1,Something New,FALSE,orange 3rd gen,Capitol,Stereo,ST-2108,
64.4.09.1,Something New,FALSE,purple 1st gen,unidentified,Stereo,ST-2108,
64.4.10.1,Something New,TRUE,purple 2nd gen,Capitol,Stereo,ST-2108,
64.4.11.1,Something New,TRUE,purple 3rd gen,Capitol,Stereo,ST-2108,
64.4.12.1,Something New,TRUE,retro rainbow,Columbia,Stereo,ST-2108,
64.5.01.1,Beatles '65,TRUE,rainbow no brackets,RCA,Mono,T 2228,
64.5.01.2,Beatles '65,TRUE,rainbow no brackets,RCA,Stereo,ST 2228,
64.5.01.3,Beatles '65,TRUE,rainbow no brackets,RCA,Mono,T 2228,
64.5.02.1,Beatles '65,FALSE,rainbow with brackets,RCA,Mono,T 2228,
64.5.02.2,Beatles '65,FALSE,rainbow with brackets,RCA,Mono,T 2228,
64.5.02.3,Beatles '65,FALSE,rainbow with brackets,RCA,Stereo,ST 2228,
64.5.02.4,Beatles '65,FALSE,rainbow with brackets,RCA,Stereo,ST 2228,
64.5.02.5,Beatles '65,TRUE,rainbow with brackets,RCA,Stereo,ST 2228,
64.5.04.1,Beatles '65,TRUE,green target,RCA,Stereo,ST 2228,
64.5.05.1,Beatles '65,TRUE,red target,RCA,Stereo,ST 2228,
64.5.06.1,Beatles '65,TRUE,orange 1st gen,RCA,Stereo,ST 2228,
64.5.06.2,Beatles '65,TRUE,orange 1st gen,RCA Dynaflex,Stereo,ST 2228,
64.5.07.1,Beatles '65,TRUE,orange 2nd gen,Columbia,Stereo,ST 2228,
64.5.07.2,Beatles '65,FALSE,orange 2nd gen,Columbia,Stereo,ST 2228,
64.5.08.1,Beatles '65,FALSE,orange 3rd gen,Capitol,Stereo,ST 2228,
64.5.09.1,Beatles '65,FALSE,purple 1st gen,unidentified,Stereo,ST 2228,
64.5.10.1,Beatles '65,TRUE,purple 2nd gen,Capitol,Stereo,ST 2228,
64.5.11.1,Beatles '65,TRUE,purple 3rd gen,Capitol,Stereo,ST 2228,
64.5.12.1,Beatles '65,TRUE,retro rainbow,Columbia,Stereo,ST 2228,
64.6.01.1,The Beatles' Story,TRUE,rainbow no brackets,RCA,Mono,TBO-2222,
64.6.02.1,The Beatles' Story,FALSE,rainbow with brackets,RCA,Mono,TBO-2222,
64.6.02.2,The Beatles' Story,FALSE,rainbow with brackets,RCA,Stereo,STBO-2222,
64.6.02.3,The Beatles' Story,TRUE,rainbow with brackets,RCA,Stereo,STBO-2222,
64.6.05.1,The Beatles' Story,TRUE,red target,RCA,Stereo,STBO-2222,
64.6.06.1,The Beatles' Story,TRUE,orange 1st gen,RCA,Stereo,STBO-2222,
64.6.06.2,The Beatles' Story,TRUE,orange 1st gen,Columbia,Stereo,STBO-2222,
64.6.07.1,The Beatles' Story,TRUE,orange 2nd gen,Columbia,Stereo,STBO-2222,
64.6.07.2,The Beatles' Story,TRUE,orange 2nd gen,RCA Dynaflex,Stereo,STBO-2222,
64.6.10.1,The Beatles' Story,TRUE,purple 2nd gen,Capitol,Stereo,STBO-2222,
64.6.11.1,The Beatles' Story,TRUE,purple 3rd gen,Capitol,Stereo,STBO-2222,
65.1.01.1,Beatles' VI,TRUE,rainbow no brackets,RCA,Mono,T 2358,
65.1.01.2,Beatles' VI,TRUE,rainbow no brackets,RCA,Stereo,ST 2358,
65.1.02.1,Beatles' VI,TRUE,rainbow with brackets,RCA,Mono,T 2358,
65.1.02.2,Beatles' VI,FALSE,rainbow with brackets,RCA,Stereo,ST 2358,
65.1.02.3,Beatles' VI,FALSE,rainbow with brackets,RCA,Stereo,ST 2358,
65.1.02.4,Beatles' VI,TRUE,rainbow with brackets,RCA,Stereo,ST 2358,
65.1.02.5,Beatles' VI,FALSE,rainbow with brackets,RCA,Stereo,ST 2358,
65.1.02.6,Beatles' VI,FALSE,rainbow with brackets,RCA,Stereo,ST 2358,
65.1.04.1,Beatles' VI,FALSE,green target,RCA,Stereo,ST 2358,
65.1.04.2,Beatles' VI,TRUE,green target,RCA,Stereo,ST 2358,
65.1.05.1,Beatles' VI,TRUE,red target,RCA,Stereo,ST 2358,
65.1.06.1,Beatles' VI,FALSE,orange 1st gen,RCA,Stereo,ST 2358,
65.1.06.2,Beatles' VI,TRUE,orange 1st gen,RCA Dynaflex,Stereo,ST 2358,
65.1.07.1,Beatles' VI,TRUE,orange 2nd gen,Columbia,Stereo,ST 2358,
65.1.08.1,Beatles' VI,FALSE,orange 3rd gen,Capitol,Stereo,ST 2358,
65.1.09.1,Beatles' VI,FALSE,purple 1st gen,unidentified,Stereo,ST 2358,
65.1.10.1,Beatles' VI,TRUE,purple 2nd gen,Capitol,Stereo,ST 2358,
65.1.10.2,Beatles' VI,TRUE,purple 2nd gen,Capitol,Stereo,ST 2358,
65.1.11.1,Beatles' VI,TRUE,purple 3rd gen,Capitol,Stereo,ST 2358,
65.1.12.1,Beatles' VI,FALSE,retro rainbow,Columbia,Stereo,ST 2358,
65.2.01.1,Help!,TRUE,rainbow no brackets,Compo,Mono,MAS-2386,
65.2.01.2,Help!,TRUE,rainbow no brackets,Compo,Stereo,SMAS-2386,
65.2.01.3,Help!,TRUE,rainbow no brackets,Compo,Mono,MAS-2386,
65.2.02.1,Help!,FALSE,rainbow with brackets,Compo,Mono,MAS-2386,
65.2.02.2,Help!,TRUE,rainbow with brackets,Compo,Stereo,SMAS-2386,
65.2.02.3,Help!,FALSE,rainbow with brackets,Compo,Stereo,SMAS-2386,
65.2.02.4,Help!,FALSE,rainbow with brackets,Compo,Stereo,SMAS-2386,
65.2.04.1,Help!,TRUE,green target,Compo,Stereo,SMAS-2386,
65.2.05.1,Help!,TRUE,red target,Compo,Stereo,SMAS-2386,
65.2.06.1,Help!,TRUE,orange 1st gen,Compo,Stereo,SMAS-2386,
65.2.07.1,Help!,TRUE,orange 2nd gen,Columbia,Stereo,SMAS-2386,
65.2.08.1,Help!,FALSE,orange 3rd gen,Capitol,Stereo,SMAS-2386,
65.2.09.1,Help!,FALSE,purple 1st gen,unidentified,Stereo,SMAS-2386,
65.2.10.1,Help!,TRUE,purple 2nd gen,Capitol,Stereo,SMAS-2386,
65.2.11.1,Help!,TRUE,purple 3rd gen,Capitol,Stereo,SMAS-2386,
65.2.12.1,Help!,TRUE,retro rainbow,Columbia,Stereo,SMAS-2386,
65.3.01.1,Rubber Soul,TRUE,rainbow no brackets,RCA,Mono,T 2442,
65.3.01.2,Rubber Soul,TRUE,rainbow no brackets,Compo,Mono,T 2442,
65.3.01.3,Rubber Soul,TRUE,rainbow no brackets,Compo,Mono,T 2442,
65.3.01.4,Rubber Soul,TRUE,rainbow no brackets,Compo,Mono,T 2442,
65.3.01.5,Rubber Soul,TRUE,rainbow no brackets,Compo,Stereo,ST 2442,
65.3.01.6,Rubber Soul,FALSE,rainbow no brackets,Compo,Stereo,ST 2442,
65.3.02.1,Rubber Soul,FALSE,rainbow with brackets,Compo,Mono,T 2442,
65.3.02.2,Rubber Soul,TRUE,rainbow with brackets,Compo,Stereo,ST 2442,
65.3.02.3,Rubber Soul,TRUE,rainbow with brackets,Compo,Stereo,ST 2442,
65.3.04.1,Rubber Soul,TRUE,green target,Compo,Stereo,ST 2442,
65.3.04.2,Rubber Soul,TRUE,green target,Compo,Stereo,ST 2442,
65.3.05.1,Rubber Soul,TRUE,red target,Compo,Stereo,ST 2442,
65.3.06.1,Rubber Soul,TRUE,orange 1st gen,Compo,Stereo,ST 2442,
65.3.07.1,Rubber Soul,TRUE,orange 2nd gen,Columbia,Stereo,ST 2442,
65.3.08.1,Rubber Soul,TRUE,orange 3rd gen,Capitol,Stereo,ST 2442,
65.3.09.1,Rubber Soul,TRUE,purple 1st gen,unidentified,Stereo,ST 2442,
65.3.10.1,Rubber Soul,TRUE,purple 2nd gen,Capitol,Stereo,SW 2442,
65.3.11.1,Rubber Soul,TRUE,purple 3rd gen,Capitol,Stereo,SW 2442,
65.3.12.1,Rubber Soul,TRUE,retro rainbow,Columbia,Stereo,SW2442,
66.1.01.1,Yesterday And Today,TRUE,rainbow no brackets,Compo,Mono,T 2553,
66.1.01.2,Yesterday And Today,TRUE,rainbow no brackets,Compo,Stereo,ST 2553,
66.1.01.3,Yesterday And Today,TRUE,rainbow no brackets,Compo,Stereo,ST 2553,
66.1.02.1,Yesterday And Today,TRUE,rainbow with brackets,Compo,Mono,T 2553,
66.1.02.2,Yesterday And Today,FALSE,rainbow with brackets,Compo,Stereo,ST 2553,
66.1.02.3,Yesterday And Today,TRUE,rainbow with brackets,Compo,Stereo,ST 2553,
66.1.04.1,Yesterday And Today,TRUE,green target,Keel,Stereo,ST 2553,
66.1.04.2,Yesterday And Today,FALSE,green target,Compo,Stereo,ST 2553,
66.1.04.3,Yesterday And Today,TRUE,green target,Compo,Stereo,ST 2553,
66.1.04.4,Yesterday And Today,TRUE,green target,Compo,Stereo,ST 2553,
66.1.05.1,Yesterday And Today,TRUE,red target,Compo,Stereo,ST 2553,
66.1.06.1,Yesterday And Today,TRUE,orange 1st gen,Compo,Stereo,ST 2552,
66.1.07.1,Yesterday And Today,TRUE,orange 2nd gen,Keel,Stereo,ST 2553,
66.1.07.2,Yesterday And Today,TRUE,orange 2nd gen,Keel,Stereo,ST 2553,
66.1.07.3,Yesterday And Today,FALSE,orange 2nd gen,Compo,Stereo,ST 2553,
66.1.08.2,Yesterday And Today,FALSE,orange 3rd gen,Capitol,Stereo,ST 2553,
66.1.09.1,Yesterday And Today,FALSE,purple 1st gen,unidentified,Stereo,ST 2553,
66.1.10.1,Yesterday And Today,FALSE,purple 2nd gen,Capitol,Stereo,ST 2553,
66.1.10.2,Yesterday And Today,TRUE,purple 2nd gen,Capitol,Stereo,ST 2553,
66.1.11.1,Yesterday And Today,TRUE,purple 3rd gen,Capitol,Stereo,ST 2553,
66.1.12.1,Yesterday And Today,TRUE,retro rainbow,Columbia,Stereo,ST 2553,
6.2.02.1,Revolver,TRUE,rainbow with brackets,Compo,Mono,T 2576,
66.2.02.2,Revolver,TRUE,rainbow with brackets,Compo,Stereo,ST 2576,
66.2.02.3,Revolver,TRUE,rainbow with brackets,Compo,Stereo,ST 2576,
66.2.04.1,Revolver,TRUE,green target,Compo,Stereo,ST 2576,
66.2.05.1,Revolver,TRUE,red target,Compo,Stereo,ST 2576,
66.2.06.1,Revolver,TRUE,orange 1st gen,Compo,Stereo,ST 2576,
66.2.07.1,Revolver,FALSE,orange 2nd gen,Compo,Stereo,ST 2576,
66.2.07.2,Revolver,TRUE,orange 2nd gen,Compo,Stereo,ST 2576,
66.2.08.1,Revolver,FALSE,orange 3rd gen,Capitol,Stereo,ST 2576,
66.2.09.1,Revolver,TRUE,purple 1st gen,unidentified,Stereo,ST 2576,
66.2.10.1,Revolver,FALSE,purple 2nd gen,Capitol,Stereo,ST 2576,
66.2.10.2,Revolver,TRUE,purple 2nd gen,Capitol,Stereo,SW 2576,
66.2.11.1,Revolver,TRUE,purple 3rd gen,Capitol,Stereo,SW 2576,
66.2.12.1,Revolver,TRUE,retro rainbow,Columbia,Stereo,SW 2576,
67.1.02.1,Meet The Beatles!,FALSE,rainbow with brackets,RCA,Mono,T-2047,
67.1.02.2,Meet The Beatles!,FALSE,rainbow with brackets,RCA,Stereo,ST-2047,
67.1.02.3,Meet The Beatles!,FALSE,rainbow with brackets,RCA,Stereo,ST-2047,
67.1.02.4,Meet The Beatles!,TRUE,rainbow with brackets,RCA,Stereo,ST-2047,
67.1.04.1,Meet The Beatles!,TRUE,green target,RCA,Stereo,ST-2047,
67.1.05.1,Meet The Beatles!,TRUE,red target,RCA,Stereo,ST-2047,
67.1.06.1,Meet The Beatles!,TRUE,orange 1st gen,RCA,Stereo,ST-2047,
67.1.06.2,Meet The Beatles!,TRUE,orange 1st gen,Columbia,Stereo,ST-2047,
67.1.07.1,Meet The Beatles!,FALSE,orange 2nd gen,Columbia,Stereo,ST-2047,
67.1.08.1,Meet The Beatles!,FALSE,orange 3rd gen,Capitol,Stereo,ST-2047,
67.1.09.1,Meet The Beatles!,FALSE,purple 1st gen,unidentified,Stereo,ST-2047,
67.1.10.1,Meet The Beatles!,FALSE,purple 2nd gen,Capitol,Stereo,ST-2047,
67.1.10.2,Meet The Beatles!,FALSE,purple 2nd gen,Capitol,Stereo,ST-2047,
67.1.11.1,Meet The Beatles!,TRUE,purple 3rd gen,Capitol,Stereo,ST-2047,
67.1.11.2,Meet The Beatles!,TRUE,purple 3rd gen,Capitol,Stereo,ST-2047,
67.1.12.1,Meet The Beatles!,TRUE,retro rainbow,Columbia,Stereo,ST-2047,
67.1.12.2,Meet The Beatles!,TRUE,retro rainbow,Columbia,Stereo,ST-2047,
67.2.02.1,The Beatles' Second Album,FALSE,rainbow with brackets,RCA,Mono,T-2080,
67.2.02.2,The Beatles' Second Album,TRUE,rainbow with brackets,RCA,Stereo,ST-2080,
67.2.02.3,The Beatles' Second Album,FALSE,rainbow with brackets,RCA,Stereo,ST-2080,
67.2.02.4,The Beatles' Second Album,TRUE,rainbow with brackets,RCA,Stereo,ST-2080,
67.2.02.5,The Beatles' Second Album,TRUE,rainbow with brackets,RCA,Stereo,ST-2080,
67.2.04.1,The Beatles' Second Album,TRUE,green target,RCA,Stereo,ST-2080,
67.2.05.1,The Beatles' Second Album,TRUE,red target,RCA,Stereo,ST-2080,
67.2.06.1,The Beatles' Second Album,FALSE,orange 1st gen,RCA,Stereo,ST-2080,
67.2.06.2,The Beatles' Second Album,TRUE,orange 1st gen,Columbia,Stereo,ST-2080,
67.2.07.1,The Beatles' Second Album,TRUE,orange 2nd gen,Columbia,Stereo,ST-2080,
67.2.08.1,The Beatles' Second Album,FALSE,orange 3rd gen,Capitol,Stereo,ST-2080,
67.2.09.1,The Beatles' Second Album,TRUE,purple 1st gen,unidentified,Stereo,ST-2080,
67.2.10.1,The Beatles' Second Album,TRUE,purple 2nd gen,Capitol,Stereo,ST-2080,
67.2.11.1,The Beatles' Second Album,TRUE,purple 3rd gen,Capitol,Stereo,ST-2080,
67.2.12.1,The Beatles' Second Album,FALSE,retro rainbow,Columbia,Stereo,ST-2080,
67.3.02.1,Sgt Pepper's Lonely Hearts Club Band,TRUE,rainbow with brackets,Compo,Mono,MAS-2653,
67.3.02.2,Sgt Pepper's Lonely Hearts Club Band,TRUE,rainbow with brackets,Compo,Stereo,SMAS-2653,
67.3.02.3,Sgt Pepper's Lonely Hearts Club Band,TRUE,rainbow with brackets,Compo,Mono,MAS-2653,
67.3.02.4,Sgt Pepper's Lonely Hearts Club Band,TRUE,rainbow with brackets,Compo,Stereo,SMAS-2653,
67.3.02.5,Sgt Pepper's Lonely Hearts Club Band,TRUE,rainbow with brackets,Compo,Stereo,SMAS-2653,
67.3.04.1,Sgt Pepper's Lonely Hearts Club Band,TRUE,green target,Compo,Stereo,SMAS-2653,
67.3.04.2,Sgt Pepper's Lonely Hearts Club Band,TRUE,green target,Compo,Stereo,SMAS-2653,
67.3.05.1,Sgt Pepper's Lonely Hearts Club Band,TRUE,red target,Compo,Stereo,SMAS-2653,
67.3.06.1,Sgt Pepper's Lonely Hearts Club Band,TRUE,orange 1st gen,Compo,Stereo,SMAS-2653,
67.3.07.1,Sgt Pepper's Lonely Hearts Club Band,TRUE,orange 2nd gen,Columbia,Stereo,SMAS-2653,
67.3.08.1,Sgt Pepper's Lonely Hearts Club Band,TRUE,orange 3rd gen,Capitol,Stereo,SMAS-2653,
67.3.08.2,Sgt Pepper's Lonely Hearts Club Band,TRUE,orange 3rd gen,Capitol,Stereo,SMAS-2653,
67.3.09.1,Sgt Pepper's Lonely Hearts Club Band,TRUE,purple 1st gen,unidentified,Stereo,SMAS-2653,
67.3.10.1,Sgt Pepper's Lonely Hearts Club Band,FALSE,purple 2nd gen,unidentified,Stereo,SMAS-2653,
67.3.10.2,Sgt Pepper's Lonely Hearts Club Band,TRUE,purple 2nd gen,Capitol,Stereo,SEAV-11840,
67.3.10.3,Sgt Pepper's Lonely Hearts Club Band,TRUE,purple 2nd gen,Capitol,Stereo,SMAS-2653,
67.3.11.1,Sgt Pepper's Lonely Hearts Club Band,TRUE,purple 3rd gen,Capitol,Stereo,SMAS-2653,
67.3.12.1,Sgt Pepper's Lonely Hearts Club Band,TRUE,retro rainbow,Columbia,Stereo,SMAS-2653,
67.4.02.1,Magical Mystery Tour,TRUE,rainbow with brackets,RCA,Mono,MAL-2835,
67.4.02.2,Magical Mystery Tour,TRUE,rainbow with brackets,Compo,Stereo,SMAL-2835,
67.4.02.3,Magical Mystery Tour,FALSE,rainbow with brackets,RCA,Mono,SMAL-2835,
67.4.02.4,Magical Mystery Tour,TRUE,rainbow with brackets,Compo,Stereo,SMAL-2835,
67.4.04.1,Magical Mystery Tour,TRUE,green target,Compo,Stereo,SMAL-2835,
67.4.05.1,Magical Mystery Tour,TRUE,red target,Compo,Stereo,SMAL-2835,
67.4.06.1,Magical Mystery Tour,TRUE,orange 1st gen,Compo,Stereo,SMAL-2835,
67.4.07.1,Magical Mystery Tour,TRUE,orange 2nd gen,Columbia,Stereo,SMAL-2835,
67.4.08.1,Magical Mystery Tour,FALSE,orange 3rd gen,Capitol,Stereo,SMAL-2835,
67.4.08.2,Magical Mystery Tour,FALSE,orange 3rd gen,Capitol,Stereo,SMAL-2835,
67.4.09.1,Magical Mystery Tour,FALSE,purple 1st gen,unidentified,Stereo,SMAL-2835,
67.4.10.1,Magical Mystery Tour,TRUE,purple 2nd gen,Capitol,Stereo,SMAL-2835,
67.4.10.2,Magical Mystery Tour,TRUE,purple 2nd gen,Capitol,Stereo,SMAL-2835,
67.4.11.1,Magical Mystery Tour,TRUE,purple 3rd gen,Capitol,Stereo,SMAL-2835,
67.4.11.1a,Magical Mystery Tour,TRUE,purple 3rd gen,Capitol,Stereo,SMAL-2835,
67.4.12.1,Magical Mystery Tour,FALSE,retro rainbow,Cinram,Stereo,SMAL-2835,
67.4.12.2,Magical Mystery Tour,TRUE,retro rainbow,Columbia,Stereo,SMAL-2835,
68.1.02.1,The Early Beatles,FALSE,rainbow with brackets,RCA,Stereo,ST-2309,
68.1.02.2,The Early Beatles,TRUE,rainbow with brackets,RCA,Stereo,ST-2309,
68.1.02.3,The Early Beatles,TRUE,rainbow with brackets,RCA,Stereo,ST-2309,
68.1.04.1,The Early Beatles,TRUE,green target,RCA,Stereo,ST-2309,
68.1.05.1,The Early Beatles,TRUE,red target,RCA,Stereo,ST-2309,
68.1.06.1,The Early Beatles,TRUE,orange 1st gen,RCA,Stereo,ST-2309,
68.1.06.2,The Early Beatles,TRUE,orange 1st gen,RCA Dynaflex,Stereo,ST-2309,
68.1.07.1,The Early Beatles,TRUE,orange 2nd gen,Columbia,Stereo,ST-2309,
68.1.08.1,The Early Beatles,FALSE,orange 3rd gen,Capitol,Stereo,ST-2309,
68.1.09.1,The Early Beatles,TRUE,purple 1st gen,unidentified,Stereo,ST-2309,
68.1.10.1,The Early Beatles,FALSE,purple 2nd gen,Capitol,Stereo,ST-2309,
68.1.11.1,The Early Beatles,TRUE,purple 3rd gen,Capitol,Stereo,ST-2309,
68.1.12.1,The Early Beatles,FALSE,retro rainbow,Columbia,Stereo,ST-2309,
68.2.03.1,The Beatles,TRUE,Apple,Compo,Stereo,SWBO-101,
68.2.03.2,The Beatles,TRUE,Apple,Compo,Stereo,SWBO-101,
68.2.03.3,The Beatles,FALSE,Apple,Compo,Stereo,SWBO-101,
68.2.03.4,The Beatles,TRUE,Apple,RCA,Stereo,SWBO-101,
68.2.03.5,The Beatles,FALSE,Apple,Compo,Stereo,SWBO-101,
68.2.03.6,The Beatles,TRUE,Apple,RCA,Stereo,SWBO-101,
68.2.03.7,The Beatles,FALSE,Apple,Compo,Stereo,SWBO-101,
68.2.03.8,The Beatles,TRUE,Apple,Columbia,Stereo,SWBO-101,
68.2.07.1,The Beatles,TRUE,orange 2nd gen,Columbia,Stereo,SWBO-101,
68.2.08.1,The Beatles,TRUE,orange 3rd gen,Capitol,Stereo,SWBO-101,
68.2.09.1,The Beatles,TRUE,purple 1st gen,unknown,Stereo,SWBO-101,
68.2.09.2,The Beatles,FALSE,purple 1st gen,Keel,Stereo,SWBO-101,
68.2.10.1,The Beatles,TRUE,purple 2nd gen,Keel,Stereo,SWBO-101,
68.2.10.2,The Beatles,TRUE,purple 2nd gen,Capitol,Stereo,SWBO-101,
68.2.10.3,The Beatles,TRUE,purple 2nd gen,Keel,Stereo,SWBO-101,
68.2.10.4,The Beatles,TRUE,purple 2nd gen,Capitol,Stereo,SEBX-11841,
68.2.11.1,The Beatles,TRUE,purple 3rd gen,unidentified,Stereo,SWBO-101,
68.2.11.2,The Beatles,TRUE,purple 3rd gen,unknown,Stereo,SWBO-101,
68.2.11.3,The Beatles,TRUE,purple 3rd gen,Capitol,Stereo,SWBO-101,
68.2.12.1,The Beatles,TRUE,retro rainbow,Cinram,Stereo,SWBO-101,
68.2.12.2,The Beatles,TRUE,retro rainbow,Columbia,Stereo,SWBO-101,
69.1.03.1,Yellow Submarine,FALSE,Apple,Compo,Stereo,SW-153,
69.1.03.2,Yellow Submarine,TRUE,Apple,RCA,Stereo,SW-153,
69.1.11.1,Yellow Submarine,TRUE,purple 3rd gen,Capitol,Stereo,SW-153,
69.1.12.1,Yellow Submarine,TRUE,retro rainbow,Columbia,Stereo,SW-153,
69.2.03.1,Abbey Road,TRUE,Apple,Compo,Stereo,SO-383,cover tear
69.2.03.2,Abbey Road,TRUE,Apple,RCA,Stereo,SO-383,
69.2.03.3,Abbey Road,TRUE,Apple,Compo,Stereo,SO-383,
69.2.03.4,Abbey Road,TRUE,Apple,Columbia,Stereo,SO-383,
69.2.07.1,Abbey Road,FALSE,orange 2nd gen,Columbia,Stereo,SO-383,
69.2.08.1,Abbey Road,TRUE,orange 3rd gen,Capitol,Stereo,SO-383,
69.2.09.1,Abbey Road,TRUE,purple 1st gen,unknown,Stereo,SO-383,
69.2.10.1,Abbey Road,FALSE,purple 2nd gen,Capitol,Stereo,SO-383,
69.2.10.2,Abbey Road,TRUE,purple 2nd gen,Capitol,Stereo,SO-383,
69.2.10.3,Abbey Road,TRUE,purple 2nd gen,Capitol,Stereo,SO-383,
69.2.10.4,Abbey Road,FALSE,purple 2nd gen,Capitol,Stereo,SO-383,
69.2.11.1,Abbey Road,TRUE,purple 3rd gen,unidentified,Stereo,SO-383,
69.2.11.2,Abbey Road,TRUE,purple 3rd gen,Capitol,Stereo,SO-383,
69.2.12.1,Abbey Road,FALSE,retro rainbow,Capitol,Stereo,SO-383,
69.2.12.2,Abbey Road,TRUE,retro rainbow,Columbia,Stereo,SO-383,
70.1.03.1,Hey Jude,TRUE,Apple,Compo,Stereo,SO-385,
70.1.03.2,Hey Jude,TRUE,Apple,RCA,Stereo,SO-385,
70.1.03.3,Hey Jude,TRUE,Apple,Compo,Stereo,SW-385,
70.1.03.4,Hey Jude,TRUE,Apple,RCA,Stereo,SW-385,
70.1.07.1,Hey Jude,TRUE,orange 2nd gen,Columbia,Stereo,SW-385,
70.1.08.1,Hey Jude,TRUE,orange 3rd gen,Capitol,Stereo,SW 385,
70.1.09.1,Hey Jude,FALSE,purple 1st gen,unidentified,Stereo,SW 385,
70.1.10.1,Hey Jude,TRUE,purple 2nd gen,Capitol,Stereo,SW 385,
70.1.11.1,Hey Jude,TRUE,purple 3rd gen,Capitol,Stereo,SW 385,
70.1.12.1,Hey Jude,TRUE,retro rainbow,Columbia,Stereo,SW 385,
70.2.03.bx1,Let It Be,TRUE,Apple,Compo,Stereo,SOAL 6351,
70.2.03.bx2,Let It Be,TRUE,Apple,RCA,Stereo,SOAL 6351,
70.2.03.bx3,Let It Be,TRUE,Apple,Compo,Stereo,SOAL 6351,
70.2.03.1,Let It Be,TRUE,Apple,Compo,Stereo,SOAL 6351,
70.2.03.2,Let It Be,TRUE,Apple,Compo,Stereo,SOAL 6351,
70.2.03.3,Let It Be,TRUE,Apple,Compo,Stereo,SOAL 6351,
70.2.03.4,Let It Be,TRUE,Apple,RCA,Stereo,SOAL 6351,
70.2.03.5,Let It Be,FALSE,Apple,RCA,Stereo,SOAL 6351,
70.2.03.6,Let It Be,FALSE,Apple,RCA,Stereo,SOAL 6351,
70.2.03.7,Let It Be,TRUE,Apple,RCA,Stereo,SW 6386,
70.2.03.8,Let It Be,TRUE,Apple,Columbia,Stereo,SW 6386,
70.2.03.8a,Let It Be,TRUE,Apple,Columbia,Stereo,SW 6386,
70.2.07.1,Let It Be,TRUE,orange 2nd gen,Columbia,Stereo,SW 6386,
70.2.08.1,Let It Be,FALSE,orange 3rd gen,Capitol,Stereo,SW 6386,
70.2.09.1,Let It Be,TRUE,purple 1st gen,unidentified,Stereo,SW 6386,
70.2.10.1,Let It Be,TRUE,purple 2nd gen,Capitol,Stereo,SW 6386,
70.2.11.1,Let It Be,FALSE,purple 3rd gen,Capitol,Stereo,SW 6386,
70.2.12.1,Let It Be,TRUE,retro rainbow,Capitol,Stereo,SW 6386,
70.2.12.2,Let It Be,TRUE,retro rainbow,Columbia,Stereo,SW 6386,
73.1.03.rbg1,1962-1966,TRUE,Apple,Capitol,Stereo,SKBO 3403,
73.1.03.rbg2,1962-1966,TRUE,Apple,Columbia,Stereo,SKBO 3403,
73.1.08.r1,1962-1966,TRUE,red Capitol,Capitol,Stereo,SKBO 3403,
73.1.08.r2,1962-1966,TRUE,red Capitol,Cinram,Stereo,SKBO 3404,
73.1.08.r3,1962-1966,TRUE,red Capitol,RCA Dynaflex,Stereo,SKBO 3404,
73.1.08.r4,1962-1966,TRUE,bright red Capitol,Capitol,Stereo,SEBX-11842,
73.1.12.1,1962-1966,TRUE,retro rainbow,Columbia,Stereo,SKBO 3403,
73.2.03.bbg1,1967-1970,FALSE,Apple,Capitol,Stereo,SKBO 3404,
73.2.03.bbg2,1967-1970,TRUE,Apple,Columbia,Stereo,SKBO 3404,
73.2.08.b1,1967-1970,TRUE,blue Capitol,Capitol,Stereo,SKBO 3404,
73.2.08.b2,1967-1970,TRUE,blue Capitol,Cinram,Stereo,SKBO 3404,
73.2.08.b3,1967-1970,TRUE,blue Capitol,RCA Dynaflex,Stereo,SKBO 3404,
73.2.08.b4,1967-1970,TRUE,bright blue Capitol,Capitol,Stereo,SEBX-11843,
73.2.12.1,1967-1970,TRUE,retro rainbow,Columbia,Stereo,SKBO 3404,
76.1.13.1,Rock 'N' Roll Music,TRUE,cola,Capitol,Stereo,SKBO-11537,
76.1.13.2,Rock 'N' Roll Music,TRUE,cola,Columbia,Stereo,SKBO-11537,
77.1.14.1,Live at the Hollywood Bowl,TRUE,ticket,Capitol,Stereo,SMAS-11638,
77.1.14.2,Live at the Hollywood Bowl,TRUE,ticket,Columbia,Stereo,SMAS-11638,
77.2.15.1,Love Songs,TRUE,beatles,Capitol,Stereo,SKBL-11711,
77.2.15.2,Love Songs,TRUE,beatles,Columbia,Stereo,SKBL-11711,
77.2.15.3,Love Songs,TRUE,beatles,unidentified,Stereo,SKBL-11711,
77.2.15.4,Love Songs,TRUE,beatles,Capitol,Stereo,SEBX-11844,
80.1.11.g1,"Rock ""N"" Roll Music vol.1",TRUE,green budget,Compo,Stereo,SN-16020,
80.1.11.g2,"Rock ""N"" Roll Music vol.1",TRUE,green budget,Columbia,Stereo,SN-16020,
80.2.11.g1,"Rock ""N"" Roll Music vol.2",TRUE,green budget,Compo,Stereo,SN-16021,
80.2.11.g2,"Rock ""N"" Roll Music vol.2",TRUE,green budget,Columbia,Stereo,SN-16021,
80.3.12.1,Rarities,TRUE,retro rainbow,Capitol,Stereo,SHAL-12060,
80.4.12.1,Balads,TRUE,retro rainbow,Columbia,Stereo,SL-9612,
80.4.12.2,Balads,TRUE,retro rainbow,Columbia,Stereo,SL-9612,
82.1.16.1,Reel Music,TRUE,movie reel,Capitol,Stereo,SV-12199,
82.1.16.2,Reel Music,TRUE,movie reel,unidentified,Stereo,SV-12199,
82.2.11.1,20 Gretest Hits,TRUE,pruple 3rd gen,Capitol,Stereo,SO-12245,
82.2.12.3,20 Gretest Hits,TRUE,pruple 3rd gen,Columbia,Stereo,SO-12245,
87.1.12.1,Please Please Me,TRUE,retro rainbow,Columbia,Mono,CLJ-46345,
87.2.12.1,With The Beatles,TRUE,retro rainbow,Columbia,Mono,CLJ-46436,
87.3.12.1,A Hard Days Night,TRUE,retro rainbow,Columbia,Mono,CLJ-46437,
87.4.12.1,Beatles For Sale,TRUE,retro rainbow,Columbia,Mono,CLJ-46438,
87.5.12.1,Help!,TRUE,retro rainbow,Columbia,Stereo,CLJ-46439,
87.6.12.1,Rubber Soul,TRUE,retro rainbow,Columbia,Stereo,CLJ-46440,
87.7.12.1,Revlover,TRUE,retro rainbow,Columbia,Stereo,CLJ-46441,
